provider,website,email,phone
People First,https://wearepeoplefirst.co.uk/advocacy/,admin@wearepeoplefirst.co.uk,03003038037
Integrated Single Point of Access (iSPA),https://www.hartlepoolnow.co.uk/organisations/28296-integrated-single-point-access-ispa,ispa@hartlepool.gov.uk,01429272905
Darlington Association on Disability (DAD),https://www.darlingtondisability.org/advocacy/who-we-can-help,mail@darlingtondisability.org,01325489999
Healthwatch Halton,https://www.healthwatchhalton.co.uk/advocacy-hub,advocacy@weareecs.co.uk,01513478183
Halton Borough Council,https://www3.halton.gov.uk/Pages/health/abuse.aspx,idva@halton.gov.uk,01515118181
Warrington Speak Up,https://www.warringtonspeakup.org.uk/our-advocacy-work/,info@advocacyhub.org.uk,01925246888
Healthwatch Warrington,https://www.healthwatchwarrington.co.uk/advice-and-information/2022-07-26/nhs-complaints-advocacy,advocacy@weareecs.co.uk,01513478183
N-Compass (Blackburn with Darwen Advocacy Hub),https://www.n-compass.org.uk/get-support/advocacy/blackburn-with-darwen-advocacy-hub/,bwddutyadvocate@n-compass.org.uk,03300022200
VoiceAbility,https://www.voiceability.org/support-and-help/services-in-your-area,helpline@voiceability.org,03003031660
Empowerment Charity,https://empowermentcharity.org.uk/blackpool-advocacy-hub/,info@blackpooladvocacyhub.org.uk,03003230251
Cloverleaf Advocacy,https://cloverleaf-advocacy.co.uk/advocacy/,referrals@cloverleaf-advocacy.co.uk,01924454875
POhWER,https://www.pohwer.net/,pohwer@pohwer.net,03004562370
York Advocacy Hub,https://www.yorkadvocacy.org.uk/our-services/,office@yorkadvocacy.org.uk,01904414357
Disability Direct,https://disabilitydirect.com/dd-advocacy/,info@disabilitydirect.com,01332299449
Onside Advocacy,https://www.onside-advocacy.org.uk/advocacy,info@onside-advocacy.org.uk,0190527525
Hear Me children's rights and advocacy service,https://www.herefordshire.gov.uk/family-support/hear-me-childrens-rights-and-advocacy-service/,hearme@herefordshire.gov.uk,01432383113
ASIST,https://asist.co.uk/,enquiries@asist.co.uk,03008001000
Your Say Advocacy,https://www.yoursay-advocacy.com/,admin@yoursay-advocacy.com,01291417933
The Advocacy People,https://www.theadvocacypeople.org.uk/our-areas,info@theadvocacypeople.org.uk,03304409000
Disability Together,https://disabilitytogether.org.uk/support/advocacy/advocacy-services/,devonadvocacy@disabilitytogether.org.uk,01392822377
Swindon Advocacy Movement (SAM),https://www.swindonadvocacy.org.uk/our-services/,info@swindonadvocacy.org.uk,01793542575
Advocacy 1st,https://advocacy1st.co.uk/,info@advocacy1st.co.uk,
SOS Advocacy Hub,https://www.sosadvocacyhub.org/,advocacy@southessexadvocacy.org,01702340566
Libra Partnership,https://www.librapartnership.co.uk/advocacy-services,admin@librapartnership.co.uk,01622200806
SWAN Advocacy,https://swanadvocacy.org.uk/services-near-you/,reception@swanadvocacy.org.uk,03333447928
Matrix SDT,https://www.matrixsdt.com/,enquiries@matrixsdt.com,
Rethink Advocacy,https://www.rethinkadvocacy.org.uk/our-services/,advocacyreferralhub@rethink.org,03007900559
Healthwatch Shropshire,https://www.healthwatchshropshire.co.uk/complaints-advocacy-service,enquiries@healthwatchshropshire.co.uk,01743237884
Adapt (North East),https://adapt-ne.org.uk/index.php/advocacy-in-northumberland/,advocacy@adapt-tynedale.org.uk,01434600599
N-Compass (Bury Advocacy Hub),https://www.n-compass.org.uk/get-support/advocacy/bury-advocacy-hub/,referral@buryadvocacyhub.co.uk,03003030206
Together for Mental Wellbeing (Advocacy Together Hub Rochdale),https://www.together-uk.org/service-finder/advocacy-together-hub-rochdale/,rochdaleadvocacy@together-uk.org,01706641389
Mind in Salford,https://www.mindinsalford.org.uk/services/advocacy/,admin@mindinsalford.org.uk,01617101070
Stockport Advocacy,https://stockportadvocacy.co.uk/,info@stockportadvocacy.co.uk,01614808979
Advocacy Focus,https://advocacyfocus.org.uk/our-service-areas/,admin@advocacyfocus.org.uk,03003230965
Embrace Wigan and Leigh,https://www.embracewiganandleigh.org.uk/adults/,info@embracewiganandleigh.org.uk,01942233323
Family Welfare,https://familywelfare.co.uk/advocacy/,admin@familywelfare.co.uk,01942867888
N-Compass (Knowsley Advocacy Hub),https://www.n-compass.org.uk/get-support/advocacy/knowsley-advocacy-hub/,referral@knowsleyadvocacyhub.org.uk,03003030206
N-Compass (Liverpool Advocacy Hub),https://www.n-compass.org.uk/get-support/advocacy/liverpool-advocacy-hub/,referral@liverpooladvocacyhub.org.uk,03003030629
Healthwatch Sefton,https://healthwatchsefton.co.uk/independent-complaints-advocacy-service/,info@healthwatchsefton.co.uk,08002061304
N-Compass (Wirral Advocacy Hub),https://www.n-compass.org.uk/get-support/advocacy/wirral-advocacy-hub/,wirraldutyadvocate@n-compass.org.uk,03002000083
Healthwatch Wirral,https://healthwatchwirral.co.uk/self-help/compliments-and-concerns/,info@healthwatchwirral.co.uk,01512308957
Sheffield Advocacy Hub,https://sheffieldadvocacyhub.org.uk/,info@sheffieldadvocacyhub.org.uk,01142261674
Your Voice Counts,https://www.yvc.org.uk/advocacy,mail@yvc.org.uk,01914786472
Independent Advocacy North East,https://www.iane.org.uk/,info@iane.org.uk,01912596662
The Carers Federation,https://www.carersfederation.co.uk/services/,info@carersfederation.co.uk,01159629310
Solihull Action through Advocacy (SAtA),https://solihulladvocacy.org.uk/,office@solihulladvocacy.org.uk,01217064696
The Advonet Group,https://advonet.org.uk/,office@advonet.org.uk,01132440606
Healthwatch Wakefield,https://www.healthwatchwakefield.co.uk/healthwatch-wakefield-home/information-and-advice/nhs-complaints-advocacy/,enquiries@healthwatchwakefield.co.uk,01924787379
Cambridge House,https://ch1889.org/advocacy/,receptionist@ch1889.org,02073587000
Advocacy for All,https://www.advocacyforall.org.uk/about-us/where-we-work/,referrals@advocacyforall.org.uk,03453101812
Mind in Croydon,https://www.mindincroydon.org.uk/how-we-can-help/advocacy/,admin@mindincroydon.org.uk,02087636730
The Advocacy Project,https://www.advocacyproject.org.uk/,info@advocacyproject.org.uk,02039607920
"Mind Hammersmith, Fulham, Ealing and Hounslow",https://www.mindhfeh.org.uk/services/advocacy/,enquiries@hfehmind.org.uk,02085717454
"Mind Havering, Barking, and Dagenham",https://www.haveringmind.org.uk/services/havering-statutory-independent-advocacy-service/,advocacy@haveringmind.org.uk,01708457040
Kingston Advocacy Group (KAG),https://kagadvocacy.org.uk/services,rights@kag.org.uk,02085491028
Healthwatch Lewisham,https://www.healthwatchlewisham.co.uk/lewisham-independent-health-complaints-advocacy-service,advocacy@healthwatchlewisham.co.uk,02038860196
"Mind Tower Hamlets, Newham and Redbridge",https://www.mindthnr.org.uk/our-services/advocacy/,info@mindthnr.org.uk,02075101081
Healthwatch Warwickshire,https://www.healthwatchwarwickshire.co.uk/help-making-complaint,info@healthwatchwarwickshire.co.uk,01926422823
Mind In Brighton and Hove,https://www.mindcharity.co.uk/brighton-and-hove-services,info@mindcharity.co.uk,01273666950
Healthwatch West Sussex,https://www.healthwatchwestsussex.co.uk/help-making-complaint,ihcas@healthwatchwestsussex.co.uk,03000120122
Surrey Independent Living Charity (SILC),https://www.surreyilc.org.uk/independent-health-complaints-advocacy-service/,admin@surreyilc.org.uk,01483458111
Healthwatch Cheshire West,https://healthwatchcwac.org.uk/what-we-do/help-making-a-complaint/,info@healthwatchcheshire.org.uk,03003230006
Healthwatch Cheshire East,https://healthwatchcheshireeast.org.uk/what-we-do/help-making-a-complaint/,info@healthwatchcheshire.org.uk,03003230006
Healthwatch Coventry,https://www.healthwatchcoventry.co.uk/help-making-complaint,IHCAS@citizensadvicemidmercia.org.uk,03005610770
Healthwatch St Helens,https://www.healthwatchsthelens.co.uk/advice-and-information/2024-08-07/nhs-complaints-advocacy-service,advocacy@healthwatchsthelens.co.uk,01744457105
Mind in Bexley,https://mindinbexley.org.uk/services/advocacy/,info@mindinbexley.org.uk,02039617846
